Rk,Tm,G,RshTD,RecTD,PR TD,KR TD,FblTD,IntTD,OthTD,AllTD,2PM,2PA,D2P,XPM,XPA,FGM,FGA,Sfty,Pts,Pts/G
1,Los Angeles Chargers,14,13,16,,,,1,,30,1,2,,25,28,29,31,,294,21
2,Philadelphia Eagles,14,26,18,,,,,,44,3,6,1,37,38,20,26,,369,26.4
3,Denver Broncos,14,10,21,,,2,3,,36,,1,,35,35,27,30,2,336,24
4,Minnesota Vikings,14,9,29,,,1,2,,41,,1,,39,40,28,32,,369,26.4
5,Kansas City Chiefs,14,12,22,,,1,,,35,,1,,32,33,29,33,,329,23.5
6,Pittsburgh Steelers,14,12,18,1,,1,,,32,,2,,30,30,38,41,,336,24
7,Detroit Lions,14,23,32,1,,,1,,57,,1,,54,55,21,23,,459,32.8
8,Green Bay Packers,14,16,26,,,,1,,43,2,4,,39,39,26,32,,379,27.1
9,Houston Texans,14,14,17,,,1,1,,33,,2,,31,31,33,39,,328,23.4
10,Arizona Cardinals,14,14,15,,1,2,,,32,3,4,,28,28,28,32,2,314,22.4
11,Chicago Bears,14,12,17,,,,1,1,31,3,10,,20,21,18,22,,266,19
12,Buffalo Bills,14,28,25,,,,2,,55,1,1,,50,54,21,26,,445,31.8
13,Miami Dolphins,14,9,19,,,,,,28,2,5,,20,22,28,32,,276,19.7
14,New Orleans Saints,14,15,19,1,,,,,35,1,4,,29,31,22,26,1,309,22.1
15,Seattle Seahawks,14,17,14,,1,2,2,,36,,2,,31,34,22,25,1,315,22.5
16,Washington Commanders,14,23,19,,,,1,,43,3,4,,36,38,32,40,,396,28.3
17,San Francisco 49ers,14,14,16,,,,1,1,32,,2,,29,30,31,37,,314,22.4
18,New York Jets,14,8,24,,1,,,,33,3,6,,25,27,18,25,,283,20.2
19,Tampa Bay Buccaneers,14,14,32,,,1,,,47,1,3,,42,44,25,27,1,403,28.8
20,New York Giants,14,12,9,,,,,1,22,1,7,,14,15,20,25,,208,14.9
21,Indianapolis Colts,14,13,16,,,1,,,30,1,4,,26,26,24,27,,280,20
22,Baltimore Ravens,14,17,34,,,1,,,52,1,3,,47,49,19,27,,418,29.9
23,New England Patriots,14,9,14,,,1,,,24,3,4,,19,20,23,30,,238,17
24,Los Angeles Rams,14,13,19,,,1,2,1,36,,3,,29,32,21,26,1,310,22.1
25,Atlanta Falcons,14,11,18,,,1,1,,31,2,4,,26,26,25,34,1,293,20.9
26,Cleveland Browns,14,7,18,,,1,,1,27,5,8,,17,19,16,25,1,239,17.1
27,Las Vegas Raiders,14,8,15,,,,1,,24,2,4,,19,20,26,31,,245,17.5
28,Jacksonville Jaguars,14,11,15,1,,1,,,28,4,7,,21,21,22,24,,263,18.8
29,Tennessee Titans,14,9,18,,,,,,27,,1,,25,25,21,22,2,254,18.1
30,Dallas Cowboys,14,4,21,1,2,,1,,29,1,3,,26,26,32,38,,298,21.3
31,Cincinnati Bengals,14,10,36,,1,,2,,49,1,3,,44,46,19,25,1,399,28.5
32,Carolina Panthers,14,12,15,,,,,,27,1,3,,23,24,20,23,,247,17.6
1,Baltimore Ravens,17,26,27,1,,,1,,55,2,2,,51,52,32,37,1,483,28.4
2,Kansas City Chiefs,17,9,28,,,2,,,39,,1,,38,38,33,35,,371,21.8
3,San Francisco 49ers,17,27,33,,,,1,,61,,0,,60,61,21,25,1,491,28.9
4,Buffalo Bills,17,22,29,1,,,2,,54,3,4,,49,50,24,29,,451,26.5
5,Dallas Cowboys,17,14,36,,,1,5,1,57,4,5,,49,52,36,38,1,509,29.9
6,Pittsburgh Steelers,17,16,13,,,1,1,,31,1,3,,27,28,29,31,1,304,17.9
7,Tampa Bay Buccaneers,17,8,28,,,,1,,37,2,4,,33,33,29,31,1,348,20.5
8,New Orleans Saints,17,13,28,1,,1,1,,44,4,4,,40,40,30,37,,402,23.6
9,Las Vegas Raiders,17,11,20,,,2,3,,36,2,4,,32,32,26,30,1,332,19.5
10,Green Bay Packers,17,10,32,,,1,1,,44,2,5,,34,39,27,33,,383,22.5
11,Houston Texans,17,10,27,,2,1,,,40,2,7,,31,33,34,38,,377,22.2
12,New York Jets,17,7,11,1,,1,2,,22,3,4,,16,17,36,39,3,268,15.8
13,Minnesota Vikings,17,7,30,,,2,,,39,1,1,,36,38,24,30,,344,20.2
14,Cleveland Browns,17,15,24,,,1,2,,42,6,9,,30,33,34,37,,396,23.3
15,New England Patriots,17,9,16,,1,1,,,27,,2,,24,25,16,25,1,236,13.9
16,Tennessee Titans,17,16,14,,,,1,,31,1,1,1,28,30,29,30,,305,17.9
17,Jacksonville Jaguars,17,17,22,,,,2,,41,3,6,,35,35,30,37,,377,22.2
18,Atlanta Falcons,17,14,17,,,,1,,32,2,4,,27,28,32,37,1,321,18.9
19,Los Angeles Rams,17,18,26,,,,,,44,4,6,,32,37,32,43,2,404,23.8
20,Chicago Bears,17,16,19,,,,2,,37,1,4,,31,33,35,38,,360,21.2
21,Cincinnati Bengals,17,12,27,1,,,1,,41,1,1,,40,40,26,31,,366,21.5
22,Miami Dolphins,17,27,30,,,,4,,61,,2,,58,59,24,28,,496,29.2
23,Detroit Lions,17,27,30,,,,1,,58,3,6,,48,52,19,21,1,461,27.1
24,Los Angeles Chargers,17,11,24,1,,,,,36,1,1,,35,35,31,33,,346,20.4
25,Seattle Seahawks,17,11,23,,,,3,,37,2,3,,33,33,35,42,,364,21.4
26,New York Giants,17,10,15,1,,,3,,29,1,4,,24,25,22,31,,266,15.6
27,Denver Broncos,17,8,28,,1,1,,,38,4,7,,29,31,30,34,1,357,21
28,Indianapolis Colts,17,19,18,,,1,3,1,42,4,5,,35,36,33,41,1,396,23.3
29,Carolina Panthers,17,7,13,1,,,2,,23,3,3,,17,20,25,30,,236,13.9
30,Philadelphia Eagles,17,22,24,,,1,2,,49,1,2,,45,46,30,32,1,433,25.5
31,Arizona Cardinals,17,17,18,,,1,,,36,4,13,,22,23,28,33,,330,19.4
32,Washington Commanders,17,14,24,,,1,,,39,3,4,,32,35,19,24,,329,19.4
